{"schemaVersion":"1.0","appDefinitionTemplate":{"id":"/providers/Microsoft.PowerApps/apps/","type":"Microsoft.PowerApps/apps","tags":{"primaryDeviceWidth":"1366","primaryDeviceHeight":"768","supportsPortrait":"true","supportsLandscape":"true","primaryFormFactor":"Tablet","showStatusBar":"false","publisherVersion":"3.24094.14","minimumRequiredApiVersion":"2.2.0","hasComponent":"true","hasUnlockedComponent":"true","isUnifiedRootApp":"false","sienaVersion":"20241008T003014Z-3.24094.14.0"},"properties":{"appVersion":"2024-10-08T00:30:14Z","lifeCycleId":"Published","createdByClientVersion":{"major":3,"minor":24094,"build":14,"revision":0,"majorRevision":0,"minorRevision":0},"minClientVersion":{"major":3,"minor":24094,"build":14,"revision":0,"majorRevision":0,"minorRevision":0},"backgroundColor":"rgba(255, 255, 255, 1)","backgroundImageUri":"/13417016460036136511/N13386f4a-cd6c-4d26-b124-ef819bdfdffc-logoSmallFile","displayName":"LU IT Change Advisory Board","description":"","commitMessage":"","appUris":{"documentUri":{"value":"/13417016460036136511/N88d4a55e-be08-4074-ba71-560c45d5f44f-document.msapp"},"imageUris":[],"additionalUris":[{"isSolutionAware":false,"value":"/13417016460036136511/Nf5150208-de78-4dd5-9d4c-822378f849e6-identity.json"}]},"createdTime":"0001-01-01T00:00:00Z","lastModifiedTime":"0001-01-01T00:00:00Z","sharedGroupsCount":0,"sharedUsersCount":0,"connectionReferences":{"d48328fb-626a-4a03-a4ee-b738b38836d4":{"id":"152c84e9-b8dc-4e89-a0d5-21f2d5fd53d0","displayName":"SharePoint","iconUri":"https://connectoricons-prod.azureedge.net/u/jayawan/releases/v1.0.1697/1.0.1697.3786/sharepointonline/icon.png","dataSources":["Approvals","RequestComments","Requests","Users","RequestNumberTracking","ImplementationPlan"],"dependencies":[],"dependents":[],"parameterHints":{},"parameterHintsV2":{},"isOnPremiseConnection":false,"bypassConsent":false,"dataSets":{"https://lincolnuniac.sharepoint.com/sites/ChangeMgmtApplication":{"dataSources":{"Approvals":{"tableName":"c4d84056-ecba-4767-9f46-c7d7edb77de6"},"RequestComments":{"tableName":"d2c0239d-b19d-460f-aead-5852de0df3fd"},"Requests":{"tableName":"6378f81e-565b-4717-88f6-3a4eb406d2c2"},"Users":{"tableName":"bb8483b8-f4d9-4f44-8709-7ef9a2582450"},"RequestNumberTracking":{"tableName":"acf5810f-e214-4afc-a1ec-989a0a079066"},"ImplementationPlan":{"tableName":"b4ecacd0-aaa5-47c2-a296-12853dc52f9d"}}}},"apiTier":"Standard","isCustomApiConnection":false,"actions":["providers/PowerPlatform.Governance/Operations/Read","providers/PowerPlatform.Governance/Operations/Write","providers/PowerPlatform.Governance/Operations/Delete"]},"2c7f6b7e-ea49-4681-9b79-a30dc7457975":{"id":"d1a957bb-be02-462c-9016-5561688f11e9","displayName":"Office 365 Users","iconUri":"https://connectoricons-prod.azureedge.net/releases/v1.0.1715/1.0.1715.3906/office365users/icon.png","dataSources":["Office365Users"],"dependencies":[],"dependents":[],"parameterHints":{},"parameterHintsV2":{},"isOnPremiseConnection":false,"bypassConsent":false,"dataSets":{},"apiTier":"Standard","isCustomApiConnection":false,"actions":["MyProfile"]},"c8f63475-dd76-422f-ba77-d14abe8b62dd":{"id":"fd370eb4-2d30-4cc0-b5f1-8c9364ff124f","displayName":"Office 365 Outlook","iconUri":"https://connectoricons-prod.azureedge.net/releases/v1.0.1716/1.0.1716.3922/office365/icon.png","dataSources":["Office365Outlook"],"dependencies":[],"dependents":[],"parameterHints":{},"parameterHintsV2":{},"isOnPremiseConnection":false,"bypassConsent":false,"dataSets":{},"apiTier":"Standard","isCustomApiConnection":false}},"databaseReferences":{},"almMode":"Environment","performanceOptimizationEnabled":false,"canConsumeAppPass":false,"enableModernRuntimeMode":false,"executionRestrictions":{"isTeamsOnly":false,"dataLossPreventionEvaluationResult":{"status":"Compliant","lastEvaluationDate":"2024-08-08T05:55:09.5174472Z","violations":[],"violationsByPolicy":[],"violationErrorMessage":"The app uses the following connectors: ."}}},"appType":"ClassicCanvasApp","appComponents":[]}}